associatedCostCenterId,id_firestore,name
fiVZaoRzyJm9b3wy79M0,74GXXOLQcPGgcBBPeJ4h,GARANTIA DA QUALIDADE
hiBy5Uy9XHNrDsPUlUKE,AQmM38SeJqAqlJrfPVdR,AMOSTRAS MCR
J9S92kU1qMWpw8Tso8Av,DL7EE7BZyQRtBqjupgcq,PESQUISA E DESENVOLVIMENTO
hYhqQhId0xJm1f40rheK,Dzg8StK8lfM4QoDVIstc,HIGIENIZACAO INDUSTRIAL
9SNUf0NcYlPsui81g4G5,GHZu0eLugHwLG78jBeez,RECEBIMENTO
uCOdcnxILp65W3UFgcCs,HWuwiRi50QD9VJ0nNzZY,MEIO AMBIENTE
6ehjjPwcLNIojdVxinf1,HjkzLJTyXAOTRbKJOLFv,PRODUCAO MISTURA UMIDA
BPXkamEr3Da4fyUuiaCh,JNs88roJYQNCFvcRjRvS,ASSUNTOS LEGAIS
lx5ba0d0g6KwCmeCiV7E,JuJLxLca9a7SfUHp9Z6n,ADM.PRODUCAO MCR
Bj6GkhQv6g9bZA9EdcRj,JwBtyHrAXS1TKxrJIv3b,PRODUCAO AGLOMERADOR
z82C8gUP0gCQ60E8oYZ5,MkgEqYjmgdAF6QUWkRmX,CALDEIRA
Bj6GkhQv6g9bZA9EdcRj,Od91QUy7KUEVGUZjRh3c,CONTABIL/FINANCEIRO
aEk50YUcFdYewSnTCyex,XNikCZJkyMPCdMfVGv1t,RECURSOS HUMANOS
qGQfdOhfYCHNRchsjw7F,eCwiMwQCRJKrvOCsQDVN,EXPEDICAO
sxIqu03zSXmriSHbNgcT,iu4wd2oORCo4xopaCsw2,FISCAL
uNyyHiailuJuxGJYrGc5,jDL8jvFpKXMEnVdsBIex,MANUTENCAO
BufF5aLxeaiyoFwz2yhO,jY25W1eHGydiXTWGWF9S,PCP
LvdIwvDuN9VfH0xatcEj,mTf5jggXwVzMMvN05DRj,TECNOLOGIA DA INFORMACAO
5EvI4aS5hDKwYxD7MKPp,oTiIo2aNm119s40I50dk,CONTROLE DE QUALIDADE
wBz4mUcP7XOlhz119EWw,ogIG1xXooObgj912at6t,ADMINISTRACAO DA PRODUCAO
n6K23lVLZZ4CZUT4MhC0,rR1AVmWhwe0KLAhJ4keH,ADMINISTRACAO RH
gjCogaNeoD2xxdQtADaU,uXSejEC6mzIKmQih3SU3,ADMINISTRACAO PRODUCAO
lLznvVLFlLhFVqgJp0WU,ucnDmU9K4JKpFc3Os3Hd,COMPRAS
